arc,fraction,x_m,y_m,radial_x,radial_y
crown,0,6.73,0,1,0
crown,0.015625,6.721893420260811,0.3302254482235233,0.9987954562051724,0.049067674327418015
crown,0.03125,6.697593210503886,0.6596553544179429,0.9951847266721969,0.0980171403295606
crown,0.046875,6.657157912062977,0.9874960930845846,0.989176509964781,0.14673047445536175
crown,0.0625,6.6006849371137415,1.3129578671685431,0.9807852804032304,0.19509032201612825
crown,0.078125,6.528310333999281,1.6352566107489659,0.970031253194544,0.24298017990326387
crown,0.09375,6.440208459477766,1.9536158779225317,0.9569403357322088,0.29028467725446233
crown,0.109375,6.3365915586817305,2.267268713329641,0.9415440651830208,0.33688985339222005
crown,0.125,6.21770925380096,2.5754594998170544,0.9238795325112867,0.3826834323650898
crown,0.140625,6.083847942720774,2.8774457787857988,0.9039892931234433,0.4275550934302821
crown,0.15625,5.93533010906443,3.1725000388389644,0.881921264348355,0.47139673682599764
crown,0.171875,5.772513545301832,3.459911468420382,0.8577286100002721,0.5141027441932217
crown,0.1875,5.59579049079613,3.738987668221923,0.8314696123025452,0.5555702330196022
crown,0.203125,5.405586686864741,4.009056319234077,0.8032075314806449,0.5956993044924334
crown,0.21875,5.202360351131221,4.269466802421334,0.773010453362737,0.6343932841636455
crown,0.234375,4.986601073638875,4.519591766120434,0.7409511253549591,0.6715589548470183
crown,0.25,4.758828637385466,4.758828637385465,0.7071067811865476,0.7071067811865475
crown,0.265625,4.519591766120434,4.986601073638875,0.6715589548470183,0.7409511253549591
crown,0.28125,4.269466802421334,5.202360351131221,0.6343932841636455,0.773010453362737
crown,0.296875,4.009056319234078,5.40558668686474,0.5956993044924335,0.8032075314806448
crown,0.3125,3.738987668221924,5.59579049079613,0.5555702330196023,0.8314696123025452
crown,0.328125,3.459911468420382,5.772513545301832,0.5141027441932217,0.8577286100002721
crown,0.34375,3.1725000388389653,5.935330109064429,0.4713967368259978,0.8819212643483549
crown,0.359375,2.877445778785799,6.083847942720774,0.4275550934302822,0.9039892931234433
crown,0.375,2.575459499817055,6.21770925380096,0.38268343236508984,0.9238795325112867
crown,0.390625,2.267268713329641,6.3365915586817305,0.33688985339222005,0.9415440651830208
crown,0.40625,1.9536158779225317,6.440208459477766,0.29028467725446233,0.9569403357322089
crown,0.421875,1.6352566107489668,6.528310333999281,0.24298017990326398,0.970031253194544
crown,0.4375,1.3129578671685438,6.6006849371137415,0.19509032201612833,0.9807852804032304
crown,0.453125,0.9874960930845846,6.657157912062977,0.14673047445536175,0.989176509964781
crown,0.46875,0.659655354417944,6.697593210503885,0.09801714032956077,0.9951847266721968
crown,0.484375,0.330225448223524,6.721893420260811,0.049067674327418126,0.9987954562051724
crown,0.5,4.120936479130844e-16,6.73,6.123233995736766e-17,1
crown,0.515625,-0.33022544822352323,6.721893420260811,-0.04906767432741801,0.9987954562051724
crown,0.53125,-0.6596553544179432,6.697593210503886,-0.09801714032956065,0.9951847266721969
crown,0.546875,-0.9874960930845839,6.657157912062977,-0.14673047445536164,0.989176509964781
crown,0.5625,-1.312957867168543,6.6006849371137415,-0.1950903220161282,0.9807852804032304
crown,0.578125,-1.6352566107489659,6.528310333999281,-0.24298017990326387,0.970031253194544
crown,0.59375,-1.9536158779225306,6.440208459477766,-0.29028467725446216,0.9569403357322089
crown,0.609375,-2.2672687133296403,6.3365915586817305,-0.33688985339221994,0.9415440651830208
crown,0.625,-2.575459499817054,6.21770925380096,-0.3826834323650897,0.9238795325112867
crown,0.640625,-2.877445778785797,6.083847942720775,-0.42755509343028186,0.9039892931234434
crown,0.65625,-3.172500038838965,5.93533010906443,-0.4713967368259977,0.881921264348355
crown,0.671875,-3.459911468420382,5.772513545301832,-0.5141027441932217,0.8577286100002721
crown,0.6875,-3.738987668221921,5.595790490796131,-0.555570233019602,0.8314696123025455
crown,0.703125,-4.009056319234077,5.405586686864741,-0.5956993044924334,0.8032075314806449
crown,0.71875,-4.269466802421333,5.202360351131221,-0.6343932841636454,0.7730104533627371
crown,0.734375,-4.519591766120435,4.986601073638874,-0.6715589548470184,0.740951125354959
crown,0.75,-4.758828637385465,4.758828637385466,-0.7071067811865475,0.7071067811865476
crown,0.765625,-4.986601073638874,4.519591766120435,-0.7409511253549589,0.6715589548470186
crown,0.78125,-5.202360351131221,4.269466802421334,-0.773010453362737,0.6343932841636455
crown,0.796875,-5.40558668686474,4.009056319234078,-0.8032075314806448,0.5956993044924335
crown,0.8125,-5.595790490796131,3.738987668221923,-0.8314696123025453,0.5555702330196022
crown,0.828125,-5.772513545301831,3.459911468420383,-0.857728610000272,0.5141027441932218
crown,0.84375,-5.935330109064429,3.1725000388389657,-0.8819212643483549,0.47139673682599786
crown,0.859375,-6.083847942720774,2.8774457787857983,-0.9039892931234433,0.42755509343028203
crown,0.875,-6.21770925380096,2.5754594998170552,-0.9238795325112867,0.3826834323650899
crown,0.890625,-6.33659155868173,2.267268713329643,-0.9415440651830207,0.33688985339222033
crown,0.90625,-6.440208459477766,1.9536158779225319,-0.9569403357322088,0.2902846772544624
crown,0.921875,-6.528310333999281,1.6352566107489672,-0.970031253194544,0.24298017990326407
crown,0.9375,-6.6006849371137415,1.3129578671685456,-0.9807852804032304,0.1950903220161286
crown,0.953125,-6.657157912062977,0.987496093084585,-0.989176509964781,0.1467304744553618
crown,0.96875,-6.697593210503885,0.6596553544179444,-0.9951847266721968,0.09801714032956083
crown,0.984375,-6.721893420260811,0.33022544822352295,-0.9987954562051724,0.049067674327417966
crown,1,-6.73,8.241872958261688e-16,-1,1.2246467991473532e-16
left_wall,0,-6.73,1.1266750552155648e-15,-1,1.2246467991473532e-16
left_wall,0.015625,-6.729953871252693,-0.029133602980016677,-0.9999949860057274,-0.0031666959760887695
left_wall,0.03125,-6.729815485473349,-0.0582669138086016,-0.99997994407319,-0.006333360196587131
left_wall,0.046875,-6.7295848440497,-0.08739964033723821,-0.9999548743532282,-0.009499960906221546
left_wall,0.0625,-6.729261949294614,-0.11653149042328675,-0.9999197770972406,-0.012666466350357257
left_wall,0.078125,-6.728846804446077,-0.14566217193288009,-0.9998746526571822,-0.015832844775313056
left_wall,0.09375,-6.7283394136671575,-0.17479139274388183,-0.9998195014855605,-0.01899906442868281
left_wall,0.109375,-6.727739782045964,-0.20391886074880347,-0.9997543241354307,-0.022165093559652554
left_wall,0.125,-6.727047915595593,-0.23304428385772127,-0.9996791212603905,-0.025330900419317532
left_wall,0.140625,-6.7262638212540775,-0.2621673700012301,-0.9995938936145736,-0.02849645326100327
left_wall,0.15625,-6.725387506884305,-0.29128782713335966,-0.9994986420526417,-0.03166172034058257
left_wall,0.171875,-6.724418981273944,-0.3204053632344913,-0.9993933675297765,-0.034826669916792535
left_wall,0.1875,-6.723358254135361,-0.3495196863143107,-0.9992780711016696,-0.03799127025155551
left_wall,0.203125,-6.722205336105512,-0.37863050441472346,-0.9991527539245122,-0.04115548961029603
left_wall,0.21875,-6.720960238745851,-0.4077375256127711,-0.9990174172549837,-0.04431929626225773
left_wall,0.234375,-6.719622974542196,-0.4368404580235865,-0.9988720624502386,-0.04748265848082463
left_wall,0.25,-6.718193556904618,-0.4659390098032888,-0.9987166909678933,-0.05064554454383574
left_wall,0.265625,-6.716672000167302,-0.495032889151938,-0.998551304366011,-0.053807922733906305
left_wall,0.28125,-6.715058319588399,-0.5241218043164494,-0.9983759043030869,-0.056969761338744505
left_wall,0.296875,-6.713352531349884,-0.5532054635935069,-0.9981904925380307,-0.06013102865146814
left_wall,0.3125,-6.711554652557377,-0.5822835753325163,-0.9979950709301495,-0.06329169297092568
left_wall,0.328125,-6.709664701239985,-0.6113558479384982,-0.9977896414391288,-0.06645172260201068
left_wall,0.34375,-6.707682696350126,-0.6404219898750401,-0.9975742061250136,-0.06961108585598262
left_wall,0.359375,-6.705608657763314,-0.6694817096672074,-0.9973487671481862,-0.07276975105078343
left_wall,0.375,-6.703442606277989,-0.6985347159044552,-0.9971133267693465,-0.07592768651135383
left_wall,0.390625,-6.701184563615287,-0.7275807172435733,-0.9968678873494877,-0.07908486056995363
left_wall,0.40625,-6.6988345524188375,-0.7566194224115974,-0.9966124513498736,-0.08224124156647798
left_wall,0.421875,-6.696392596254524,-0.7856505402087165,-0.9963470213320135,-0.08539679784877353
left_wall,0.4375,-6.693858719610256,-0.8146737795112179,-0.9960715999576365,-0.08855149777295847
left_wall,0.453125,-6.691232947895717,-0.8436888492743942,-0.9957861899886649,-0.09170530970373851
left_wall,0.46875,-6.688515307442119,-0.8726954585354505,-0.9954907942871868,-0.09485820201472289
left_wall,0.484375,-6.685705825501927,-0.9016933164164492,-0.9951854158154267,-0.09801014308874449
left_wall,0.5,-6.682804530248594,-0.9306821321271957,-0.9948700576357167,-0.10116110131817346
left_wall,0.515625,-6.679811450776276,-0.9596616149681821,-0.9945447229104648,-0.1043110451052372
left_wall,0.53125,-6.67672661709954,-0.9886314743334904,-0.9942094149021239,-0.10745994286233593
left_wall,0.546875,-6.673550060153062,-1.0175914197136946,-0.9938641369731589,-0.11060776301235813
left_wall,0.5625,-6.67028181179132,-1.0465411606988027,-0.9935088925860129,-0.1137544739890003
left_wall,0.578125,-6.6669219047882695,-1.075480406981135,-0.9931436853030727,-0.11690004423707989
left_wall,0.59375,-6.66347037283702,-1.1044088683582656,-0.9927685187866326,-0.12004444221285496
left_wall,0.609375,-6.6599272505494955,-1.133326254735919,-0.9923833967988581,-0.12318763638433905
left_wall,0.625,-6.656292573456085,-1.1622322761308683,-0.9919883232017482,-0.12632959523161613
left_wall,0.640625,-6.652566378005286,-1.1911266426738658,-0.9915833019570963,-0.12947028724715934
left_wall,0.65625,-6.648748701563347,-1.2200090646125388,-0.9911683371264508,-0.13260968093614553
left_wall,0.671875,-6.644839582413885,-1.2488792523142829,-0.9907434328710744,-0.13574774481676988
left_wall,0.6875,-6.6408390597575,-1.2777369162691903,-0.990308593451902,-0.13888444742056416
left_wall,0.703125,-6.636747173711385,-1.3065817670929418,-0.9898638232294983,-0.14201975729271107
left_wall,0.71875,-6.632563965308929,-1.3354135155296958,-0.989409126664014,-0.14515364299235825
left_wall,0.734375,-6.628289476499299,-1.364231872455017,-0.9889445083151411,-0.14828607309293665
left_wall,0.75,-6.623923750147018,-1.3930365488787444,-0.9884699728420672,-0.15141701618247222
left_wall,0.765625,-6.619466830031541,-1.4218272559479166,-0.9879855250034283,-0.15454644086390398
left_wall,0.78125,-6.614918760846811,-1.450603704949657,-0.9874911696572619,-0.1576743157553975
left_wall,0.796875,-6.610279588200813,-1.4793656073140569,-0.9869869117609579,-0.16080060949065836
left_wall,0.8125,-6.605549358615118,-1.5081126746170963,-0.9864727563712085,-0.1639252907192496
left_wall,0.828125,-6.600728119524415,-1.536844618583506,-0.9859487086439581,-0.16704832810690284
left_wall,0.84375,-6.595815919276033,-1.5655611510896847,-0.9854147738343514,-0.17016969033583532
left_wall,0.859375,-6.59081280712946,-1.594261984166578,-0.9848709572966804,-0.17328934610506283
left_wall,0.875,-6.585718833255848,-1.622946830002552,-0.9843172644843313,-0.1764072641307122
left_wall,0.890625,-6.58053404873751,-1.6516154009463053,-0.9837537009497292,-0.17952341314633755
left_wall,0.90625,-6.575258505567401,-1.6802674095097412,-0.9831802723442827,-0.18263776190323275
left_wall,0.921875,-6.569892256648615,-1.7089025683708376,-0.9825969844183275,-0.18575027917074324
left_wall,0.9375,-6.564435355793826,-1.7375205903765538,-0.982003843021068,-0.18886093373658194
left_wall,0.953125,-6.558887857724779,-1.7661211885456967,-0.9814008541005194,-0.19196969440714096
left_wall,0.96875,-6.55324981807172,-1.7947040760717876,-0.9807880237034478,-0.195076530007803
left_wall,0.984375,-6.547521293372844,-1.8232689663259658,-0.9801653579753091,-0.19818140938325718
left_wall,1,-6.541702341073735,-1.851815572859831,-0.9795328631601885,-0.20128430139780773
left_knee,0,-6.541702341073734,-1.8518155728598327,-0.9795328631601885,-0.20128430139780773
left_knee,0.015625,-6.534108694250933,-1.887290926610199,-0.9760988996030291,-0.2173268004498197
left_knee,0.03125,-6.5259340834799975,-1.9226369297014494,-0.9724022152382692,-0.23331080514992625
left_knee,0.046875,-6.5171807089891445,-1.9578440686196568,-0.9684438050428541,-0.24923201334122058
left_knee,0.0625,-6.507850926783097,-1.9929028672267224,-0.964224734438253,-0.2650861397687187
left_knee,0.078125,-6.497947248008948,-2.0278038893109174,-0.9597461390036954,-0.28086891723275365
left_knee,0.09375,-6.487472338280283,-2.0625377411266803,-0.9550092241705264,-0.29657609773751026
left_knee,0.109375,-6.476429016959713,-2.0970950739229726,-0.95001526489776,-0.3122034536343872
left_knee,0.125,-6.464820256400037,-2.1314665864595366,-0.9447656053289186,-0.32774677875988645
left_knee,0.140625,-6.452649181144219,-2.165643027510357,-0.9392616584302523,-0.34320188956771797
left_knee,0.15625,-6.439919067084407,-2.19961519835367,-0.9335049056104322,-0.3585646262548189
left_knee,0.171875,-6.426633340580214,-2.2333739552478273,-0.9274968963218252,-0.3738308538809784
left_knee,0.1875,-6.412795577536496,-2.266910211892374,-0.9212392476434518,-0.38899646348177386
left_knee,0.203125,-6.398409502440888,-2.3002149418736635,-0.9147336438457426,-0.40405737317451607
left_knee,0.21875,-6.383478987361343,-2.3332791810943463,-0.9079818359372119,-0.4190095292569012
left_knee,0.234375,-6.368008050903949,-2.3660940301860953,-0.9009856411931659,-0.4338489072980818
left_knee,0.25,-6.352000857131303,-2.398650656904907,-0.8937469426665757,-0.4485715132218591
left_knee,0.265625,-6.335461714441743,-2.4309402985083284,-0.8862676886812472,-0.463173384381702
left_knee,0.28125,-6.31839507440972,-2.462954264113988,-0.8785498923074218,-0.47765059062730947
left_knee,0.296875,-6.3008055305876445,-2.494683937038781,-0.8705956308199501,-0.4919992353624274
left_knee,0.3125,-6.28269781726951,-2.526120777118078,-0.8624070451391864,-0.50621545659363
left_knee,0.328125,-6.264076808216642,-2.5572563230043492,-0.8539863392547512,-0.520295427969792
left_knee,0.34375,-6.244947515345908,-2.588082194444564,-0.8453357796323188,-0.5342353598119651
left_knee,0.359375,-6.225315087380731,-2.618590094535773,-0.8364576946035887,-0.5480315001333862
left_knee,0.375,-6.205184808465306,-2.648771811958249,-0.8273544737396074,-0.5616801356493367
left_knee,0.390625,-6.1845620967423365,-2.6786192231855965,-0.8180285672076048,-0.5751775927765905
left_knee,0.40625,-6.163452502894733,-2.7081242946712285,-0.8084824851115228,-0.5885202386221703
left_knee,0.421875,-6.141861708651616,-2.7372790850106297,-0.7987187968164114,-0.6017044819611568
left_knee,0.4375,-6.119795525259063,-2.7660757470788147,-0.7887401302568737,-0.6147267742032796
left_knee,0.453125,-6.097259891915984,-2.794506530142412,-0.7785491712297462,-0.6275836103480359
left_knee,0.46875,-6.074260874175566,-2.8225637819458056,-0.768148662671208,-0.6402715299280726
left_knee,0.484375,-6.050804662312708,-2.8502399507707654,-0.757541403918508,-0.6527871179405855
left_knee,0.5,-6.026897569657876,-2.877527587469028,-0.7467302499565115,-0.6651270057664821
left_knee,0.515625,-6.002546030897856,-2.9044193474672557,-0.7357181106492716,-0.6772878720770558
left_knee,0.53125,-5.977756600343827,-2.9309079927438653,-0.7245079499568269,-0.689266443727936
left_knee,0.546875,-5.9525359501672455,-2.9569863937771617,-0.713102785137441,-0.7010594966400674
left_knee,0.5625,-5.926890868603998,-2.9826475314642846,-0.701505685935494,-0.712663856667484
left_knee,0.578125,-5.900828258127333,-3.007884499010418,-0.6897197737552513,-0.7240764004516408
left_knee,0.59375,-5.874355133590021,-3.032690503787791,-0.6777482208207234,-0.7352940562620808
left_knee,0.609375,-5.84747862033629,-3.057058869163931,-0.6655942493218507,-0.7463138048232003
left_knee,0.625,-5.820205952284003,-3.08098303629871,-0.6532611305472387,-0.7571326801269006
left_knee,0.640625,-5.792544469977628,-3.1044565659096808,-0.640752184003677,-0.7677477702308996
left_knee,0.65625,-5.7645016186124955,-3.127473140005236,-0.6280707765226816,-0.7781562180424929
left_knee,0.671875,-5.736084946030902,-3.150026563585115,-0.6152203213543006,-0.7883552220875505
left_knee,0.6875,-5.707302100690571,-3.1721107663078225,-0.6022042772484205,-0.7983420372645471
left_knee,0.703125,-5.67816082960605,-3.1937198041244743,-0.5890261475238356,-0.8081139755834128
left_knee,0.71875,-5.648668976263561,-3.214847860878664,-0.5756894791253128,-0.8176684068890189
left_knee,0.734375,-5.6188344785099105,-3.2354892498719083,-0.5621978616689183,-0.8270027595690934
left_knee,0.75,-5.58866536641597,-3.2556384153942366,-0.5485549264758597,-0.8361145212463805
left_knee,0.765625,-5.558169760115362,-3.2752899342195425,-0.5347643455950984,-0.8450012394548579
left_knee,0.78125,-5.527355867618891,-3.2944385170652533,-0.5208298308150079,-0.8536605222998251
left_knee,0.796875,-5.496231982605331,-3.3130790100159704,-0.5067551326643288,-0.862090039101693
left_knee,0.8125,-5.464806482189141,-3.3312063959106624,-0.4925440394026998,-0.8702875210232948
left_knee,0.828125,-5.433087824665737,-3.3488157956930538,-0.4782003760010334,-0.8782507616805523
left_knee,0.84375,-5.40108454723491,-3.365902469724841,-0.46372800311200973,-0.8859776177363331
left_knee,0.859375,-5.368805263703003,-3.382461819061385,-0.44913081603096777,-0.8934660094773371
left_knee,0.875,-5.33625866216447,-3.398489386689537,-0.43441274364746857,-0.9007139213738615
left_knee,0.890625,-5.303453502663447,-3.413980858727258,-0.41957774738782366,-0.9077194026222859
left_knee,0.90625,-5.2703986148359485,-3.4289320655847186,-0.4046298201488592,-0.9144805676701402
left_knee,0.921875,-5.237102895533338,-3.4433389830865586,-0.38957298522321243,-0.920995596723608
left_knee,0.9375,-5.203575306427704,-3.4571977335550117,-0.37441129521644756,-0.927262736237331
left_knee,0.953125,-5.169824871599795,-3.4705045868535946,-0.3591488309562814,-0.9332802993863828
left_knee,0.96875,-5.1358606751101465,-3.4832559613910927,-0.34378970039421,-0.939046666520285
left_knee,0.984375,-5.1016918585540765,-3.4954484250855535,-0.32833803749984203,-0.9445602855989407
left_knee,1,-5.067327618601191,-3.5070786962880485,-0.31279800114822187,-0.9498196726103735
invert,0,-5.067327618601194,-3.5070786962880494,-0.31279800114822187,-0.9498196726103735
invert,0.015625,-4.914104536592143,-3.5566957799732677,-0.30333978620939156,-0.9528824555539055
invert,0.03125,-4.760395752013265,-3.6047871242782676,-0.29385158963044844,-0.9558510570542141
invert,0.046875,-4.606216457205526,-3.6513479759281964,-0.28433434921021766,-0.9587251836992715
invert,0.0625,-4.451581891014408,-3.6963737329197563,-0.2747890056181733,-0.9615045514147998
invert,0.078125,-4.2965073372837015,-3.739859944976052,-0.26521650230146304,-0.9641888854923489
invert,0.09375,-4.141008123344935,-3.7818023139864465,-0.2556177853916627,-0.9667779206164474
invert,0.109375,-3.985099618502361,-3.8221966944313976,-0.24599380361125686,-0.9692714008908271
invert,0.125,-3.8287972325139314,-3.8610390937921757,-0.23634550817987232,-0.9716690798637146
invert,0.140625,-3.6721164140682077,-3.898325672945491,-0.22667385272025975,-0.9739707205521909
invert,0.15625,-3.5150726492574362,-3.934052746542939,-0.2169797931640393,-0.9761760954656136
invert,0.171875,-3.3576814600469262,-3.9682167833752544,-0.2072642876572177,-0.9782849866281023
invert,0.1875,-3.1999584027408696,-4.000814406721341,-0.19752829646548578,-0.9802971856000828
invert,0.203125,-3.0419190664448337,-4.031842394681998,-0.18777278187931074,-0.9822124934988888
invert,0.21875,-2.8835790715248755,-4.061297680498402,-0.1779987081188195,-0.9840307210184199
invert,0.234375,-2.7249540680637048,-4.089177352855188,-0.1682070412385003,-0.9857516884478512
invert,0.25,-2.566059734313838,-4.1154786561682215,-0.15839874903171838,-0.9873752256893965
invert,0.265625,-2.406911775147986,-4.1401989908569465,-0.14857480093506087,-0.9889011722751202
invert,0.28125,-2.2475259205068068,-4.163335913601324,-0.13873616793251894,-0.9903293773827978
invert,0.296875,-2.087917923844184,-4.184887137583326,-0.12888382245951752,-0.9916596998508226
invert,0.3125,-1.928103560570177,-4.204850532712966,-0.11901873830680106,-0.9928920081921584
invert,0.328125,-1.768098626491793,-4.223224125838831,-0.10914189052418476,-0.9940261806073354
invert,0.34375,-1.6079189362518065,-4.2400061009431,-0.0992542553241856,-0.9950621049964878
invert,0.359375,-1.4475803217655823,-4.255194799321048,-0.08935680998552978,-0.9959996789704352
invert,0.375,-1.2870986306563277,-4.268788719744977,-0.07945053275656344,-0.9968388098608011
invert,0.390625,-1.1264897246887247,-4.280786518612599,-0.06953640275856325,-0.9975794147291728
invert,0.40625,-0.9657694782011769,-4.29118701007984,-0.059615399888961536,-0.9982214203752989
invert,0.421875,-0.8049537765368149,-4.299989166178049,-0.04968850472449475,-0.9987647633443242
invert,0.4375,-0.6440585144733983,-4.3071921169155925,-0.03975669842428385,-0.9992093899330613
invert,0.453125,-0.483099594652358,-4.312795150363838,-0.029820962632861606,-0.9995552561952988
invert,0.46875,-0.3220929260069167,-4.316797712727544,-0.019882279383143006,-0.9998023279461449
invert,0.484375,-0.16105442218973245,-4.319199408399575,-0.0099416309993662,-0.9999505807654059
invert,0.5,-2.975891721928068e-15,-4.3199999999999985,-1.8369701987210297e-16,-1
invert,0.515625,0.1610544221897265,-4.319199408399575,0.009941630999365833,-0.9999505807654059
invert,0.53125,0.32209292600691075,-4.316797712727544,0.01988227938314264,-0.9998023279461449
invert,0.546875,0.483099594652352,-4.312795150363838,0.02982096263286124,-0.9995552561952988
invert,0.5625,0.6440585144733925,-4.3071921169155925,0.03975669842428349,-0.9992093899330613
invert,0.578125,0.804953776536809,-4.299989166178049,0.04968850472449438,-0.9987647633443242
invert,0.59375,0.9657694782011709,-4.29118701007984,0.05961539988896117,-0.9982214203752989
invert,0.609375,1.1264897246887184,-4.280786518612599,0.06953640275856288,-0.9975794147291728
invert,0.625,1.287098630656322,-4.268788719744977,0.07945053275656308,-0.9968388098608011
invert,0.640625,1.4475803217655765,-4.255194799321048,0.08935680998552942,-0.9959996789704352
invert,0.65625,1.6079189362518007,-4.2400061009431,0.09925425532418523,-0.9950621049964878
invert,0.671875,1.7680986264917868,-4.223224125838831,0.10914189052418438,-0.9940261806073354
invert,0.6875,1.928103560570171,-4.204850532712966,0.1190187383068007,-0.9928920081921585
invert,0.703125,2.0879179238441776,-4.184887137583326,0.12888382245951716,-0.9916596998508227
invert,0.71875,2.247525920506801,-4.163335913601324,0.13873616793251858,-0.9903293773827978
invert,0.734375,2.4069117751479796,-4.1401989908569465,0.14857480093506048,-0.9889011722751203
invert,0.75,2.566059734313832,-4.115478656168223,0.15839874903171802,-0.9873752256893966
invert,0.765625,2.724954068063699,-4.089177352855188,0.16820704123849994,-0.9857516884478512
invert,0.78125,2.8835790715248697,-4.061297680498402,0.17799870811881913,-0.9840307210184199
invert,0.796875,3.041919066444828,-4.031842394682,0.18777278187931037,-0.982212493498889
invert,0.8125,3.199958402740864,-4.000814406721341,0.19752829646548542,-0.9802971856000828
invert,0.828125,3.3576814600469205,-3.9682167833752544,0.20726428765721733,-0.9782849866281023
invert,0.84375,3.5150726492574305,-3.9340527465429407,0.21697979316403893,-0.9761760954656137
invert,0.859375,3.672116414068202,-3.898325672945493,0.2266738527202594,-0.973970720552191
invert,0.875,3.8287972325139257,-3.8610390937921775,0.23634550817987196,-0.9716690798637148
invert,0.890625,3.985099618502355,-3.8221966944313994,0.2459938036112565,-0.9692714008908272
invert,0.90625,4.141008123344929,-3.7818023139864483,0.2556177853916623,-0.9667779206164475
invert,0.921875,4.296507337283695,-3.739859944976054,0.2652165023014627,-0.964188885492349
invert,0.9375,4.451581891014402,-3.696373732919758,0.274789005618173,-0.9615045514148
invert,0.953125,4.60621645720552,-3.651347975928198,0.28433434921021733,-0.9587251836992716
invert,0.96875,4.760395752013259,-3.6047871242782694,0.2938515896304481,-0.9558510570542142
invert,0.984375,4.914104536592138,-3.5566957799732695,0.3033397862093912,-0.9528824555539056
invert,1,5.067327618601189,-3.507078696288051,0.31279800114822154,-0.9498196726103736
right_knee,0,5.06732761860119,-3.5070786962880485,0.31279800114822154,-0.9498196726103736
right_knee,0.015625,5.1016918585540765,-3.495448425085554,0.3283380374998417,-0.9445602855989408
right_knee,0.03125,5.135860675110146,-3.483255961391093,0.34378970039420964,-0.9390466665202851
right_knee,0.046875,5.169824871599794,-3.470504586853595,0.3591488309562811,-0.933280299386383
right_knee,0.0625,5.2035753064277035,-3.4571977335550117,0.3744112952164472,-0.9272627362373311
right_knee,0.078125,5.237102895533337,-3.443338983086559,0.3895729852232121,-0.9209955967236081
right_knee,0.09375,5.270398614835948,-3.428932065584719,0.40462982014885884,-0.9144805676701404
right_knee,0.109375,5.303453502663446,-3.4139808587272586,0.41957774738782333,-0.9077194026222861
right_knee,0.125,5.336258662164469,-3.3984893866895374,0.43441274364746824,-0.9007139213738616
right_knee,0.140625,5.368805263703003,-3.382461819061385,0.44913081603096744,-0.8934660094773372
right_knee,0.15625,5.401084547234909,-3.3659024697248414,0.4637280031120094,-0.8859776177363332
right_knee,0.171875,5.433087824665737,-3.348815795693054,0.4782003760010331,-0.8782507616805525
right_knee,0.1875,5.4648064821891404,-3.3312063959106633,0.4925440394026995,-0.870287521023295
right_knee,0.203125,5.49623198260533,-3.313079010015971,0.5067551326643285,-0.8620900391016932
right_knee,0.21875,5.5273558676188905,-3.2944385170652533,0.5208298308150076,-0.8536605222998254
right_knee,0.234375,5.55816976011536,-3.2752899342195425,0.5347643455950981,-0.8450012394548582
right_knee,0.25,5.588665366415969,-3.2556384153942375,0.5485549264758595,-0.8361145212463807
right_knee,0.265625,5.61883447850991,-3.2354892498719083,0.562197861668918,-0.8270027595690936
right_knee,0.28125,5.648668976263561,-3.2148478608786646,0.5756894791253124,-0.8176684068890191
right_knee,0.296875,5.678160829606049,-3.1937198041244743,0.5890261475238353,-0.808113975583413
right_knee,0.3125,5.707302100690571,-3.1721107663078234,0.6022042772484202,-0.7983420372645473
right_knee,0.328125,5.736084946030902,-3.150026563585115,0.6152203213543003,-0.7883552220875507
right_knee,0.34375,5.7645016186124955,-3.127473140005235,0.6280707765226821,-0.7781562180424926
right_knee,0.359375,5.792544469977627,-3.1044565659096817,0.6407521840036766,-0.7677477702308998
right_knee,0.375,5.820205952284002,-3.0809830362987105,0.6532611305472384,-0.7571326801269008
right_knee,0.390625,5.84747862033629,-3.0570588691639315,0.6655942493218505,-0.7463138048232005
right_knee,0.40625,5.87435513359002,-3.0326905037877916,0.6777482208207231,-0.735294056262081
right_knee,0.421875,5.900828258127333,-3.0078844990104185,0.6897197737552511,-0.724076400451641
right_knee,0.4375,5.926890868603998,-2.982647531464284,0.701505685935494,-0.7126638566674839
right_knee,0.453125,5.9525359501672455,-2.9569863937771617,0.7131027851374411,-0.7010594966400674
right_knee,0.46875,5.977756600343827,-2.930907992743866,0.7245079499568267,-0.6892664437279363
right_knee,0.484375,6.0025460308978555,-2.9044193474672566,0.7357181106492713,-0.677287872077056
right_knee,0.5,6.0268975696578755,-2.877527587469028,0.7467302499565113,-0.6651270057664823
right_knee,0.515625,6.050804662312707,-2.850239950770766,0.7575414039185078,-0.6527871179405857
right_knee,0.53125,6.074260874175566,-2.8225637819458056,0.7681486626712081,-0.6402715299280725
right_knee,0.546875,6.097259891915983,-2.7945065301424137,0.7785491712297457,-0.6275836103480366
right_knee,0.5625,6.119795525259062,-2.7660757470788155,0.7887401302568732,-0.6147267742032803
right_knee,0.578125,6.141861708651616,-2.7372790850106306,0.7987187968164112,-0.6017044819611571
right_knee,0.59375,6.1634525028947325,-2.7081242946712294,0.8084824851115227,-0.5885202386221706
right_knee,0.609375,6.1845620967423365,-2.678619223185597,0.8180285672076045,-0.5751775927765908
right_knee,0.625,6.205184808465305,-2.64877181195825,0.8273544737396071,-0.561680135649337
right_knee,0.640625,6.225315087380731,-2.618590094535773,0.8364576946035887,-0.5480315001333862
right_knee,0.65625,6.244947515345908,-2.5880821944445636,0.8453357796323188,-0.534235359811965
right_knee,0.671875,6.264076808216642,-2.55725632300435,0.853986339254751,-0.5202954279697923
right_knee,0.6875,6.28269781726951,-2.526120777118079,0.8624070451391862,-0.5062154565936303
right_knee,0.703125,6.300805530587644,-2.4946839370387814,0.8705956308199498,-0.49199923536242773
right_knee,0.71875,6.31839507440972,-2.4629542641139883,0.8785498923074216,-0.4776505906273098
right_knee,0.734375,6.335461714441743,-2.430940298508328,0.8862676886812473,-0.4631733843817019
right_knee,0.75,6.352000857131302,-2.398650656904908,0.8937469426665754,-0.44857151322185984
right_knee,0.765625,6.368008050903948,-2.366094030186097,0.9009856411931656,-0.4338489072980825
right_knee,0.78125,6.383478987361343,-2.333279181094347,0.9079818359372118,-0.41900952925690155
right_knee,0.796875,6.398409502440888,-2.300214941873664,0.9147336438457424,-0.4040573731745164
right_knee,0.8125,6.412795577536495,-2.266910211892375,0.9212392476434516,-0.3889964634817742
right_knee,0.828125,6.426633340580214,-2.233373955247827,0.9274968963218252,-0.3738308538809783
right_knee,0.84375,6.439919067084407,-2.1996151983536696,0.9335049056104323,-0.35856462625481883
right_knee,0.859375,6.452649181144219,-2.1656430275103586,0.939261658430252,-0.34320188956771874
right_knee,0.875,6.464820256400037,-2.131466586459537,0.9447656053289185,-0.3277467787598868
right_knee,0.890625,6.476429016959713,-2.0970950739229735,0.9500152648977599,-0.31220345363438756
right_knee,0.90625,6.487472338280282,-2.062537741126681,0.9550092241705262,-0.29657609773751065
right_knee,0.921875,6.497947248008948,-2.0278038893109183,0.9597461390036953,-0.280868917232754
right_knee,0.9375,6.507850926783097,-1.9929028672267222,0.964224734438253,-0.2650861397687186
right_knee,0.953125,6.5171807089891445,-1.9578440686196585,0.9684438050428539,-0.2492320133412214
right_knee,0.96875,6.525934083479997,-1.9226369297014512,0.972402215238269,-0.23331080514992705
right_knee,0.984375,6.534108694250933,-1.8872909266101998,0.976098899603029,-0.21732680044982006
right_knee,1,6.541702341073734,-1.8518155728598336,0.9795328631601884,-0.2012843013978081
right_wall,0,6.541702341073734,-1.8518155728598342,0.9795328631601884,-0.2012843013978081
right_wall,0.015625,6.547521293372844,-1.8232689663259651,0.9801653579753091,-0.1981814093832571
right_wall,0.03125,6.553249818071718,-1.794704076071795,0.9807880237034475,-0.1950765300078038
right_wall,0.046875,6.558887857724777,-1.7661211885457,0.9814008541005192,-0.19196969440714132
right_wall,0.0625,6.564435355793826,-1.7375205903765572,0.9820038430210679,-0.1888609337365823
right_wall,0.078125,6.569892256648611,-1.7089025683708452,0.9825969844183273,-0.18575027917074405
right_wall,0.09375,6.575258505567401,-1.6802674095097445,0.9831802723442827,-0.1826377619032331
right_wall,0.109375,6.58053404873751,-1.6516154009463087,0.9837537009497292,-0.1795234131463379
right_wall,0.125,6.58571883325585,-1.6229468300025514,0.9843172644843314,-0.17640726413071212
right_wall,0.140625,6.59081280712946,-1.5942619841665815,0.9848709572966804,-0.17328934610506322
right_wall,0.15625,6.595815919276033,-1.565561151089688,0.9854147738343514,-0.17016969033583568
right_wall,0.171875,6.600728119524415,-1.5368446185835052,0.9859487086439581,-0.16704832810690276
right_wall,0.1875,6.605549358615118,-1.5081126746170996,0.9864727563712083,-0.16392529071924997
right_wall,0.203125,6.610279588200813,-1.4793656073140602,0.9869869117609578,-0.16080060949065872
right_wall,0.21875,6.614918760846811,-1.4506037049496565,0.9874911696572619,-0.15767431575539745
right_wall,0.234375,6.61946683003154,-1.421827255947924,0.9879855250034282,-0.1545464408639048
right_wall,0.25,6.623923750147018,-1.3930365488787477,0.9884699728420671,-0.15141701618247258
right_wall,0.265625,6.628289476499299,-1.3642318724550162,0.9889445083151411,-0.14828607309293657
right_wall,0.28125,6.632563965308929,-1.335413515529703,0.9894091266640139,-0.14515364299235906
right_wall,0.296875,6.636747173711385,-1.3065817670929454,0.9898638232294983,-0.14201975729271146
right_wall,0.3125,6.640839059757498,-1.2777369162691938,0.9903085934519019,-0.13888444742056455
right_wall,0.328125,6.6448395824138835,-1.2488792523142902,0.9907434328710742,-0.13574774481677068
right_wall,0.34375,6.648748701563347,-1.220009064612542,0.9911683371264508,-0.1326096809361459
right_wall,0.359375,6.652566378005286,-1.1911266426738691,0.9915833019570963,-0.1294702872471597
right_wall,0.375,6.656292573456083,-1.1622322761308757,0.9919883232017481,-0.12632959523161694
right_wall,0.390625,6.6599272505494955,-1.1333262547359224,0.9923833967988581,-0.12318763638433941
right_wall,0.40625,6.66347037283702,-1.104408868358269,0.9927685187866325,-0.12004444221285532
right_wall,0.421875,6.6669219047882695,-1.0754804069811341,0.9931436853030727,-0.11690004423707981
right_wall,0.4375,6.67028181179132,-1.046541160698806,0.9935088925860129,-0.11375447398900065
right_wall,0.453125,6.673550060153062,-1.017591419713698,0.9938641369731589,-0.11060776301235849
right_wall,0.46875,6.67672661709954,-0.9886314743334897,0.9942094149021239,-0.10745994286233584
right_wall,0.484375,6.679811450776276,-0.9596616149681896,0.9945447229104647,-0.104311045105238
right_wall,0.5,6.682804530248594,-0.9306821321271991,0.9948700576357167,-0.10116110131817382
right_wall,0.515625,6.685705825501927,-0.9016933164164486,0.9951854158154267,-0.09801014308874442
right_wall,0.53125,6.688515307442119,-0.8726954585354579,0.9954907942871867,-0.0948582020147237
right_wall,0.546875,6.691232947895717,-0.8436888492743977,0.9957861899886649,-0.09170530970373889
right_wall,0.5625,6.693858719610255,-0.8146737795112211,0.9960715999576364,-0.08855149777295883
right_wall,0.578125,6.6963925962545225,-0.7856505402087238,0.9963470213320134,-0.08539679784877434
right_wall,0.59375,6.6988345524188375,-0.7566194224116007,0.9966124513498736,-0.08224124156647834
right_wall,0.609375,6.701184563615287,-0.7275807172435766,0.9968678873494877,-0.079084860569954
right_wall,0.625,6.703442606277989,-0.6985347159044544,0.9971133267693465,-0.07592768651135375
right_wall,0.640625,6.705608657763314,-0.6694817096672109,0.9973487671481862,-0.0727697510507838
right_wall,0.65625,6.707682696350126,-0.6404219898750435,0.9975742061250136,-0.069611085855983
right_wall,0.671875,6.709664701239987,-0.6113558479384976,0.997789641439129,-0.06645172260201061
right_wall,0.6875,6.711554652557377,-0.5822835753325197,0.9979950709301495,-0.06329169297092606
right_wall,0.703125,6.713352531349884,-0.5532054635935102,0.9981904925380307,-0.06013102865146851
right_wall,0.71875,6.715058319588399,-0.5241218043164487,0.9983759043030869,-0.05696976133874443
right_wall,0.734375,6.716672000167302,-0.49503288915194543,0.9985513043660109,-0.05380792273390712
right_wall,0.75,6.718193556904618,-0.46593900980329217,0.9987166909678932,-0.05064554454383611
right_wall,0.765625,6.719622974542196,-0.43684045802358584,0.9988720624502386,-0.04748265848082455
right_wall,0.78125,6.720960238745851,-0.40773752561277854,0.9990174172549837,-0.04431929626225854
right_wall,0.796875,6.722205336105512,-0.37863050441472684,0.9991527539245122,-0.0411554896102964
right_wall,0.8125,6.723358254135361,-0.34951968631431407,0.9992780711016696,-0.03799127025155588
right_wall,0.828125,6.724418981273944,-0.32040536323449875,0.9993933675297764,-0.03482666991679335
right_wall,0.84375,6.725387506884305,-0.29128782713336304,0.9994986420526417,-0.03166172034058294
right_wall,0.859375,6.7262638212540775,-0.2621673700012334,0.9995938936145736,-0.028496453261003637
right_wall,0.875,6.727047915595593,-0.23304428385772874,0.9996791212603905,-0.025330900419318344
right_wall,0.890625,6.727739782045964,-0.20391886074880683,0.9997543241354307,-0.022165093559652918
right_wall,0.90625,6.7283394136671575,-0.17479139274388522,0.9998195014855605,-0.01899906442868318
right_wall,0.921875,6.728846804446077,-0.1456621719328794,0.9998746526571822,-0.01583284477531298
right_wall,0.9375,6.729261949294614,-0.11653149042329014,0.9999197770972406,-0.012666466350357624
right_wall,0.953125,6.7295848440497,-0.08739964033724158,0.9999548743532282,-0.009499960906221912
right_wall,0.96875,6.729815485473349,-0.0582669138086009,0.99997994407319,-0.0063333601965870545
right_wall,0.984375,6.729953871252693,-0.029133602980024143,0.9999949860057274,-0.003166695976089581
right_wall,1,6.73,-2.2533501104311296e-15,1,-2.4492935982947064e-16
